INSERT INTO User VALUES  ('Nulla@Aliquam.com','Holmes','molestie. Sed'),('odio@sodales.edu','Athena','fringilla purus'),('Donec@lacusMaurisnon.org','Remedios','iaculis nec,'),('magna.a.tortor@iaculisquispede.com','John','Phasellus nulla.'),('a.malesuada@natoquepenatibuset.com','Oscar','Fusce dolor'),('eleifend.egestas.Sed@egetipsumSuspendisse.ca','Isabelle','aliquet nec,'),('Vivamus.sit.amet@velvulputate.org','Honorato','ridiculus mus.'),('habitant.morbi@Ut.edu','Garth','Fusce diam'),('Proin.vel.arcu@gravidanon.org','Allen','posuere at,'),('augue.id@Crasdictumultricies.net','Judah','non quam.')
INSERT INTO User VALUES  ('fermentum.vel@sagittisfelisDonec.net','Keegan','accumsan interdum'),('orci@habitant.co.uk','Whitney','lectus rutrum'),('natoque@risusNullaeget.edu','Harding','nec ligula'),('nec.eleifend@Etiambibendumfermentum.net','Maxwell','dolor sit'),('auctor.non@Loremipsum.org','Caleb','dui. Fusce'),('quis.turpis@antedictum.ca','David','ullamcorper magna.'),('Etiam@faucibus.net','David','molestie in,'),('semper@Cumsociis.net','Keith','rutrum lorem'),('Integer.eu.lacus@tellusNunclectus.net','Boris','facilisis non,'),('Curabitur.vel.lectus@nonummy.co.uk','Reed','aliquet libero.')
INSERT INTO User VALUES  ('fermentum.metus.Aenean@nuncid.edu','Chandler','nulla at'),('Integer.in.magna@lacusUtnec.ca','Cadman','aliquet diam.'),('dictum.eu.eleifend@acturpisegestas.edu','Germane','Vestibulum ut'),('tellus@vitaesemper.ca','Philip','ligula. Aenean'),('vitae@molestiearcuSed.ca','Holmes','pede nec'),('parturient@suscipit.ca','Hillary','orci lacus'),('nunc.ac@nasceturridiculusmus.ca','Imelda','et, rutrum'),('a@antedictummi.net','Kasper','Cras lorem'),('nonummy@quislectus.org','Ebony','turpis nec'),('sollicitudin.adipiscing.ligula@egestasurnajusto.org','Amy','sem semper')
INSERT INTO User VALUES ('est.mollis@cubiliaCurae.ca','Jeanette','non, luctus'),('bibendum.sed.est@luctusut.edu','Regan','risus odio,'),('ornare.libero@atsemmolestie.ca','Kevyn','luctus ut,'),('Nunc@vitaeposuere.edu','Kasimir','Nulla tincidunt,'),('consequat@ut.edu','Kristen','neque. In'),('id@liberoet.org','Jenette','Sed nulla'),('vel@CuraePhasellusornare.com','Dale','Phasellus fermentum'),('felis@acturpisegestas.ca','Cally','vitae semper'),('natoque.penatibus@duiCumsociis.org','Rooney','posuere cubilia'),('Mauris.non@lacus.ca','Theodore','tincidunt nibh.')
INSERT INTO User VALUES  ('lorem.eget.mollis@parturientmontesnascetur.org','Cynthia','Mauris nulla.'),('dictum.sapien.Aenean@magna.edu','Samuel','neque pellentesque'),('mauris@dignissimMaecenasornare.com','Brian','euismod et,'),('ultrices.posuere@feugiatLorem.org','Winifred','sem ut'),('at.iaculis.quis@enimEtiam.edu','Blossom','consequat purus.'),('massa@sed.org','Raven','eleifend. Cras'),('velit@aliquameu.org','Rae','pede et'),('amet@elementumpurusaccumsan.edu','Gisela','vehicula aliquet'),('est.Nunc.ullamcorper@Aliquamerat.co.uk','Kiona','amet diam'),('nisi.nibh@fermentum.net','Kai','dolor. Nulla')
INSERT INTO User VALUES  ('libero@adipiscingelit.org','Camden','quis lectus.'),('a.purus@nequeSed.edu','Richard','sed dolor.'),('venenatis@ametmetus.net','Bruno','congue a,'),('per.inceptos.hymenaeos@habitantmorbi.co.uk','Giselle','lorem eu'),('interdum.libero.dui@Sedauctorodio.org','Cailin','Sed neque.'),('convallis.ligula@penatibus.ca','Hasad','vitae, aliquet'),('Cum@etultrices.edu','Tarik','ante dictum'),('ac.turpis@aliquet.net','Jocelyn','blandit. Nam'),('auctor@nec.co.uk','Cruz','nec, eleifend'),('eu@Nullaeget.ca','Coby','sed, facilisis')
INSERT INTO User VALUES ('tempor.arcu@Proin.org','Darrel','Aliquam nec'),('vitae.erat.vel@cursuspurusNullam.ca','Derek','Proin ultrices.'),('tristique@vitae.ca','Gavin','Donec consectetuer'),('nec.ligula@Sedeunibh.co.uk','Lesley','convallis in,'),('enim.gravida.sit@mauriserat.edu','Leonard','Praesent interdum'),('odio.semper.cursus@litoratorquent.co.uk','Stacy','lorem, eget'),('fermentum.arcu.Vestibulum@atauctor.org','Isabella','erat. Vivamus'),('eget.ipsum@eunullaat.com','Thane','dolor dapibus'),('sagittis@non.edu','Hedda','Phasellus elit'),('Cras@purussapien.org','Aaron','nulla magna,')
INSERT INTO User VALUES ('erat@sapiengravida.ca','Dale','ligula. Donec'),('penatibus.et@afacilisis.net','Jenette','a, malesuada'),('ac.feugiat.non@sit.org','Seth','feugiat. Sed'),('torquent.per@vitae.net','Ria','ac orci.'),('rhoncus.Donec@at.co.uk','Xena','per inceptos'),('lacus.pede.sagittis@Nunccommodo.org','Tasha','Vestibulum ante'),('lorem@porttitoreros.co.uk','Yetta','ac mattis'),('varius.Nam.porttitor@semegetmassa.co.uk','Signe','id sapien.'),('litora@etlibero.com','Raymond','Aliquam nec'),('Phasellus.libero@arcuNunc.org','Aidan','Quisque libero')
INSERT INTO User VALUES  ('magna@Vestibulumante.org','Rosalyn','in faucibus'),('Sed.et.libero@non.net','Sandra','lorem, luctus'),('nonummy@maurisrhoncusid.edu','Brandon','et ipsum'),('penatibus@Nuncquis.edu','Melodie','placerat eget,'),('lorem@Proin.ca','Warren','amet diam'),('nec.luctus@inaliquet.net','Otto','consectetuer adipiscing'),('odio.vel@acmattisornare.co.uk','Bianca','purus sapien,'),('Suspendisse.sagittis@interdumligula.org','Jamalia','velit eu'),('nibh@etnetuset.co.uk','Zachery','elit erat'),('Suspendisse@dictumaugue.co.uk','Tanner','sociis natoque')
INSERT INTO User VALUES  ('primis.in@et.co.uk','Demetria','pede. Nunc'),('imperdiet.non@egetnisidictum.co.uk','Thane','libero. Integer'),('commodo.at.libero@magnaPhasellusdolor.net','Morgan','justo. Proin'),('Vivamus.non.lorem@augue.edu','Otto','tristique ac,'),('vel.convallis.in@Aeneaneget.co.uk','Tatiana','quis urna.'),('non@adipiscingnonluctus.org','Marsden','Aenean gravida'),('augue@faucibus.com','Madaline','nulla. Donec'),('luctus.aliquet@dolorDonecfringilla.co.uk','Astra','in sodales'),('a@varius.edu','Finn','lectus quis'),('Morbi.sit.amet@magnaaneque.net','Gretchen','euismod enim.')


INSERT INTO ACTIVITY (DTYPE,DESCRIPTION,LIFELOGDIRECTORY,LENGTHMILES,LOCATION,OFFICIALROUTENAME) VALUES ('Hiking','amet diam eu dolor egestas rhoncus. Proin nisl sem, consequat nec,','diam.',124,'WI','Chippenham'),('Hiking','dapibus id, blandit at, nisi. Cum sociis natoque penatibus et magnis dis parturient','dolor sit amet,',506,'Alberta','Warspite'),('Hiking','dui','orci lobortis augue',163,'NSW','Armidale'),('Hiking','Cras dolor dolor, tempus non, lacinia at, iaculis quis, pede. Praesent eu','arcu',486,'Surrey','Kingston-on-Thames'),('Hiking','dolor, nonummy','Nullam scelerisque neque',226,'Wie','Vienna'),('Hiking','risus odio, auctor vitae, aliquet nec, imperdiet nec, leo. Morbi neque tellus, imperdiet non, vestibulum nec, euismod in, dolor. Fusce','vitae, posuere at,',14,'İzm','Ödemiş'),('Hiking','enim. Etiam gravida molestie arcu. Sed','placerat,',740,'Zeeland','Veere'),('Hiking','erat. Sed nunc est, mollis non, cursus non, egestas a, dui. Cras pellentesque. Sed dictum. Proin eget odio. Aliquam vulputate','vulputate ullamcorper magna.',462,'Castilla - La Mancha','Toledo'),('Hiking','congue a, aliquet vel, vulputate eu, odio. Phasellus at augue id ante dictum cursus.','nulla.',199,'Berlin','Berlin'),('Hiking','Donec est mauris, rhoncus','et, rutrum non,',375,'Los Lagos','Curaco de Vélez');
INSERT INTO ACTIVITY (DTYPE,DESCRIPTION,LIFELOGDIRECTORY,LENGTHMILES,LOCATION,OFFICIALROUTENAME) VALUES ('Hiking','dictum augue malesuada malesuada. Integer id magna et ipsum cursus vestibulum. Mauris magna.','eros.',307,'Dumfriesshire','Gretna'),('Hiking','orci. Ut sagittis','vulputate ullamcorper magna.',660,'MU','Cartagena'),('Hiking','lacus. Etiam bibendum fermentum metus. Aenean sed pede','hendrerit consectetuer, cursus',29,'Arkansas','Little Rock'),('Hiking','tincidunt','pretium et,',19,'Nairnshire','Auldearn'),('Hiking','gravida mauris ut mi. Duis risus odio, auctor vitae, aliquet nec, imperdiet nec, leo. Morbi','metus urna convallis',51,'Istanbul','Istanbul'),('Hiking','sem egestas blandit. Nam nulla','ornare. In faucibus.',444,'Vbg','Wolfurt'),('Hiking','nec tempus scelerisque, lorem ipsum sodales purus, in molestie','tempor arcu. Vestibulum',575,'AK','Ikot Ekpene'),('Hiking','pulvinar arcu et pede. Nunc sed orci lobortis augue scelerisque mollis. Phasellus libero mauris,','montes, nascetur ridiculus',11,'LAZ','Vico nel Lazio'),('Hiking','lorem semper auctor. Mauris vel turpis. Aliquam adipiscing lobortis risus. In mi pede, nonummy ut, molestie in, tempus','cursus purus. Nullam',343,'Saxony-Anhalt','Wittenberg'),('Hiking','sagittis augue, eu tempor erat','turpis vitae',502,'NV','Carson City');
INSERT INTO ACTIVITY (DTYPE,DESCRIPTION,LIFELOGDIRECTORY,LENGTHMILES,LOCATION,OFFICIALROUTENAME) VALUES ('Hiking','eget mollis lectus pede et risus. Quisque libero lacus, varius et, euismod et, commodo','purus ac',702,'Toscana','Castellina in Chianti'),('Hiking','orci sem eget massa. Suspendisse eleifend. Cras','enim. Sed',42,'W','Falun'),('Hiking','eu odio tristique pharetra. Quisque ac libero nec ligula consectetuer rhoncus. Nullam velit dui, semper et, lacinia','elementum at, egestas',522,'RS','Gravataí'),('Hiking','id nunc interdum feugiat. Sed nec metus facilisis lorem tristique aliquet. Phasellus fermentum convallis ligula. Donec luctus','netus et',34,'Ontario','Cobourg'),('Hiking','risus varius orci, in consequat enim diam','at, nisi. Cum',460,'Mersin','Erdemli'),('Hiking','arcu. Aliquam ultrices iaculis odio. Nam interdum enim non nisi. Aenean eget metus. In nec orci. Donec nibh.','leo.',587,'Ank','Ankara'),('Hiking','vitae, aliquet nec, imperdiet nec, leo. Morbi neque tellus, imperdiet non, vestibulum nec, euismod in, dolor. Fusce feugiat.','tellus',553,'Castilla y León','Soria'),('Hiking','nisl elementum purus, accumsan interdum libero dui nec','Fusce fermentum',676,'Quebec','Collines-de-lOutaouais'),('Hiking','eros nec tellus. Nunc lectus pede, ultrices a, auctor','malesuada augue',338,'Vermont','Rutland'),('Hiking','velit. Sed malesuada augue','quis urna.',758,'SA','Mount Gambier');
INSERT INTO ACTIVITY (DTYPE,DESCRIPTION,LIFELOGDIRECTORY,LENGTHMILES,LOCATION,OFFICIALROUTENAME) VALUES ('Hiking','iaculis,','non',495,'Västra Götalands län','Göteborg'),('Hiking','mi felis, adipiscing fringilla, porttitor vulputate, posuere vulputate, lacus. Cras interdum. Nunc','Donec',711,'Tennessee','Nashville'),('Hiking','et nunc. Quisque ornare tortor at risus. Nunc ac sem ut','nec tempus scelerisque,',23,'Renfrewshire','Kilmalcolm'),('Hiking','at arcu. Vestibulum ante ipsum primis in faucibus orci luctus et ultrices','mollis nec, cursus',594,'Wie','Vienna'),('Hiking','Aliquam ultrices iaculis odio. Nam interdum enim non nisi. Aenean eget metus. In nec orci. Donec nibh. Quisque nonummy ipsum','tristique aliquet.',103,'H','San Francisco'),('Hiking','molestie orci tincidunt adipiscing. Mauris molestie pharetra nibh. Aliquam ornare, libero','viverra.',49,'Alaska','Ketchikan'),('Hiking','leo. Vivamus nibh dolor, nonummy ac, feugiat non, lobortis quis, pede. Suspendisse dui. Fusce diam nunc,','Vestibulum',656,'Alajuela','San José de Alajuela'),('Hiking','tellus lorem eu metus. In lorem. Donec elementum, lorem ut aliquam iaculis,','arcu. Curabitur',162,'Benue','Makurdi'),('Hiking','lacus. Aliquam rutrum lorem ac risus. Morbi metus. Vivamus euismod urna.','et, euismod et,',244,'NSW','Wagga Wagga'),('Hiking','eu neque pellentesque massa lobortis ultrices. Vivamus rhoncus. Donec est. Nunc ullamcorper, velit','tortor.',455,'BR','Bihar Sharif');
INSERT INTO ACTIVITY (DTYPE,DESCRIPTION,LIFELOGDIRECTORY,LENGTHMILES,LOCATION,OFFICIALROUTENAME) VALUES ('Hiking','magnis dis parturient montes, nascetur ridiculus mus. Donec dignissim magna a tortor. Nunc commodo auctor velit. Aliquam nisl.','Maecenas',708,'Bremen','Bremerhaven'),('Hiking','Duis gravida. Praesent eu nulla at sem molestie sodales. Mauris blandit enim','posuere at,',112,'Noord Brabant','Oosterhout'),('Hiking','posuere cubilia Curae;','scelerisque',569,'Connacht','Galway'),('Hiking','sagittis placerat. Cras dictum ultricies ligula. Nullam enim. Sed nulla ante, iaculis nec, eleifend non,','amet,',676,'M','Cork'),('Hiking','augue malesuada','scelerisque',516,'BC','Cariboo Regional District'),('Hiking','et magnis dis parturient montes, nascetur ridiculus mus. Aenean eget magna. Suspendisse tristique neque venenatis lacus. Etiam bibendum fermentum metus.','non enim.',395,'NI','Manukau'),('Hiking','erat neque non quam. Pellentesque habitant','Nunc commodo auctor',345,'LU','Biała Podlaska'),('Hiking','arcu eu odio tristique pharetra. Quisque ac libero nec ligula consectetuer rhoncus.','Donec nibh. Quisque',507,'Andalucía','Huelva'),('Hiking','felis. Donec tempor, est ac mattis semper, dui lectus rutrum urna, nec luctus felis','Vivamus',383,'Vienna','Vienna'),('Hiking','ac turpis egestas. Fusce aliquet magna a neque. Nullam ut','urna. Nullam',177,'SP','Mauá');
INSERT INTO ACTIVITY (DTYPE,DESCRIPTION,LIFELOGDIRECTORY,LENGTHMILES,LOCATION,OFFICIALROUTENAME) VALUES ('Hiking','lectus rutrum urna, nec luctus felis purus ac tellus.','risus. Nulla eget',268,'HI','Honolulu'),('Hiking','laoreet ipsum. Curabitur consequat,','Donec',716,'Mazowieckie','Warszawa'),('Hiking','at, egestas a, scelerisque sed, sapien. Nunc pulvinar arcu et pede. Nunc sed orci lobortis augue scelerisque','sapien,',507,'Rajasthan','Bikaner'),('Hiking','non enim commodo hendrerit. Donec porttitor tellus','dictum',550,'ME','Augusta'),('Hiking','lorem ipsum sodales purus, in molestie tortor nibh','sit',710,'VII','Curicó'),('Hiking','Proin vel nisl. Quisque fringilla euismod enim. Etiam gravida','bibendum',618,'Nottinghamshire','Retford'),('Hiking','tincidunt. Donec vitae erat vel pede','mattis ornare, lectus',580,'O','Alingsås'),('Hiking','Suspendisse','Mauris vestibulum, neque',514,'ON','Welland'),('Hiking','mi. Duis risus odio,','at lacus. Quisque',75,'Stirlingshire','Bridge of Allan'),('Hiking','nec urna et arcu imperdiet ullamcorper. Duis at lacus. Quisque purus sapien, gravida','Mauris non',310,'Mazowieckie','Warszawa');
INSERT INTO ACTIVITY (DTYPE,DESCRIPTION,LIFELOGDIRECTORY,LENGTHMILES,LOCATION,OFFICIALROUTENAME) VALUES ('Hiking','Mauris ut quam vel sapien imperdiet ornare. In faucibus. Morbi vehicula. Pellentesque tincidunt tempus risus.','Sed et',291,'Colorado','Denver'),('Hiking','in consequat enim diam vel arcu. Curabitur','libero lacus, varius',593,'Queensland','Ipswich'),('Hiking','arcu et pede. Nunc sed','elit. Etiam laoreet,',90,'NT','Yellowknife'),('Hiking','sit amet, dapibus id, blandit at, nisi. Cum sociis natoque','mi eleifend',516,'Alberta','Bruderheim'),('Hiking','ullamcorper eu, euismod ac, fermentum vel,','mattis.',683,'Veneto','Pescantina'),('Hiking','sem eget massa. Suspendisse eleifend. Cras sed leo. Cras vehicula aliquet libero. Integer in magna. Phasellus dolor','at',74,'Victoria','Bendigo'),('Hiking','mollis nec, cursus a, enim. Suspendisse aliquet,','quis arcu vel',365,'BA','Camaçari'),('Hiking','risus. In mi pede, nonummy ut, molestie in, tempus','est',730,'NI','Tauranga'),('Hiking','nisl. Nulla eu neque pellentesque massa lobortis ultrices. Vivamus rhoncus. Donec est. Nunc','Aenean',97,'MP','Tarnów'),('Hiking','pharetra sed, hendrerit a, arcu. Sed et libero. Proin mi. Aliquam','et ipsum',180,'VB','Vollezele');
INSERT INTO ACTIVITY (DTYPE,DESCRIPTION,LIFELOGDIRECTORY,LENGTHMILES,LOCATION,OFFICIALROUTENAME) VALUES ('Hiking','egestas ligula. Nullam feugiat placerat velit. Quisque varius.','sem molestie sodales.',659,'Luik','Rosoux-Crenwick'),('Hiking','ut, nulla. Cras eu tellus eu augue porttitor interdum. Sed auctor odio a purus. Duis elementum,','et, rutrum eu,',543,'N.','Hilversum'),('Hiking','pede. Suspendisse dui. Fusce diam nunc, ullamcorper','in,',769,'Quebec','Rouyn-Noranda'),('Hiking','Curabitur consequat, lectus sit amet luctus vulputate, nisi sem semper erat,','Cras pellentesque.',646,'Kincardineshire','Laurencekirk'),('Hiking','Integer mollis. Integer tincidunt aliquam arcu. Aliquam ultrices','cursus, diam at',698,'Cartago','Turrialba'),('Hiking','cursus vestibulum. Mauris magna. Duis dignissim tempor arcu. Vestibulum ut','tempus risus.',199,'San José','Mata de Plátano'),('Hiking','ac facilisis facilisis, magna tellus faucibus leo,','fringilla,',62,'Mazowieckie','Warszawa'),('Hiking','sem egestas blandit. Nam nulla magna, malesuada vel,','lorem,',505,'Antalya','Kumluca'),('Hiking','Integer vulputate, risus a ultricies adipiscing, enim mi tempor lorem, eget mollis lectus pede','pede,',182,'HB','Bremerhaven'),('Hiking','a,','nibh.',358,'PA','Nantes');
INSERT INTO ACTIVITY (DTYPE,DESCRIPTION,LIFELOGDIRECTORY,LENGTHMILES,LOCATION,OFFICIALROUTENAME) VALUES ('Hiking','In at pede. Cras vulputate velit eu','amet orci.',397,'Assam','Guwahati'),('Hiking','eu erat semper rutrum. Fusce','sem',743,'AB','Peterhead'),('Hiking','blandit mattis. Cras eget nisi dictum augue malesuada malesuada. Integer id magna et ipsum','mattis ornare,',192,'Zeeland','Sluis'),('Hiking','est, vitae sodales nisi magna sed dui. Fusce aliquam, enim','arcu. Aliquam',400,'Emilia-Romagna','Viano'),('Hiking','aliquet. Proin velit. Sed malesuada augue ut lacus. Nulla tincidunt, neque vitae semper egestas, urna justo faucibus lectus, a','ipsum',312,'Wie','Vienna'),('Hiking','vestibulum. Mauris magna. Duis dignissim','nulla. Cras eu',274,'BE','Berlin'),('Hiking','tempor lorem, eget mollis lectus pede et risus. Quisque libero lacus, varius et, euismod','natoque penatibus et',355,'KS','Wichita'),('Hiking','Phasellus ornare. Fusce mollis. Duis sit amet diam eu dolor egestas rhoncus. Proin nisl sem, consequat nec, mollis vitae,','sociis natoque penatibus',553,'Valparaíso','El Tabo'),('Hiking','in, dolor. Fusce feugiat. Lorem ipsum dolor sit amet, consectetuer','enim.',288,'Atacama','Freirina'),('Hiking','dolor, tempus non, lacinia at,','Nullam enim. Sed',722,'RJ','São João de Meriti');
INSERT INTO ACTIVITY (DTYPE,DESCRIPTION,LIFELOGDIRECTORY,LENGTHMILES,LOCATION,OFFICIALROUTENAME) VALUES ('Hiking','bibendum sed, est. Nunc laoreet lectus quis massa. Mauris vestibulum, neque','et nunc.',61,'South Island','Westport'),('Hiking','nunc interdum feugiat. Sed nec metus facilisis lorem tristique aliquet. Phasellus','parturient montes, nascetur',328,'MH','Aurangabad'),('Hiking','vehicula aliquet libero. Integer in magna. Phasellus dolor elit, pellentesque','vitae, erat.',302,'San José','Patalillo'),('Hiking','gravida non, sollicitudin a, malesuada id,','egestas. Duis',570,'Vienna','Vienna'),('Hiking','Nunc lectus','lorem ipsum sodales',466,'Gelderland','Huissen'),('Hiking','nunc sit amet metus. Aliquam erat volutpat. Nulla','vel est',722,'BB','Wandlitz'),('Hiking','turpis non enim. Mauris quis turpis vitae purus','eu enim.',222,'Hat','İskenderun'),('Hiking','Donec sollicitudin adipiscing ligula. Aenean gravida nunc sed pede. Cum sociis natoque penatibus','ac mattis',301,'IL','Courbevoie'),('Hiking','Aliquam ornare, libero at auctor','vel',318,'Minas Gerais','Ribeirão das Neves'),('Hiking','venenatis lacus. Etiam bibendum fermentum metus. Aenean sed pede nec ante blandit viverra. Donec','iaculis nec, eleifend',497,'Chhattisgarh','Raipur');


Insert into USER_ACTIVITY  values ('Nulla@Aliquam.com',17);
Insert into USER_ACTIVITY  values ('odio@sodales.edu',21);
Insert into USER_ACTIVITY  values ('Donec@lacusMaurisnon.org',36);
Insert into USER_ACTIVITY  values ('magna.a.tortor@iaculisquispede.com',41);
Insert into USER_ACTIVITY  values ('a.malesuada@natoquepenatibuset.com',22);
Insert into USER_ACTIVITY  values ('eleifend.egestas.Sed@egetipsumSuspendisse.ca',39);
Insert into USER_ACTIVITY  values ('Vivamus.sit.amet@velvulputate.org',14);
Insert into USER_ACTIVITY  values ('habitant.morbi@Ut.edu',5);
Insert into USER_ACTIVITY  values ('Proin.vel.arcu@gravidanon.org',29);
Insert into USER_ACTIVITY  values ('augue.id@Crasdictumultricies.net',46);
Insert into USER_ACTIVITY  values ('fermentum.vel@sagittisfelisDonec.net',4);
Insert into USER_ACTIVITY  values ('orci@habitant.co.uk',35);
Insert into USER_ACTIVITY  values ('natoque@risusNullaeget.edu',38);
Insert into USER_ACTIVITY  values ('nec.eleifend@Etiambibendumfermentum.net',40);
Insert into USER_ACTIVITY  values ('auctor.non@Loremipsum.org',15);
Insert into USER_ACTIVITY  values ('quis.turpis@antedictum.ca',35);
Insert into USER_ACTIVITY  values ('Etiam@faucibus.net',37);
Insert into USER_ACTIVITY  values ('semper@Cumsociis.net',6);

